{
  "requirements": [{
    "description": "1 - Implemente o módulo de acesso à api do Mercado Livre",
    "bonus": false
  }, {
    "description": "2 - Crie uma página de listagem de produtos vazia",
    "bonus": false
  }, {
    "description": "3 - Crie a página do carrinho de compras",
    "bonus": false
  }, {
    "description": "4 - Liste as categorias de produtos disponíveis via API na página principal",
    "bonus": false
  }, {
    "description": "5 - Liste os produtos buscados por termos, com os dados resumidos, associados a esses termos",
    "bonus": false
  }, {
    "description": "6 - Selecione uma categoria e mostre somente os produtos daquela categoria",
    "bonus": false
  }, {
    "description": "7 - Redirecione para uma tela com a exibição detalhada ao clicar na exibição resumida de um produto",
    "bonus": false
  }, {
    "description": "8 - Adicione produtos a partir da tela de listagem de produtos",
    "bonus": false
  }, {
    "description": "9 - Adicione um produto ao carrinho a partir de sua tela de exibição detalhada",
    "bonus": false
  }, {
    "description": "10 - Visualize a lista de produtos adicionados ao carrinho em sua página e permita a manipulação da sua quantidade",
    "bonus": false
  }, {
    "description": "11 - Avalie e comente acerca de um produto em sua tela de exibição detalhada",
    "bonus": false
  }, {
    "description": "12 - Finalize a compra vendo um resumo dela, preenchendo os seus dados e escolhendo a forma de pagamento",
    "bonus": false
  }, {
    "description": "13 - Mostre junto ao ícone do carrinho a quantidade de produtos dentro dele, em todas as telas em que ele aparece",
    "bonus": true
  }, {
    "description": "14 - Limite a quantidade de produtos adicionados ao carrinho pela quantidade disponível em estoque",
    "bonus": true
  }, {
    "description": "15 - Mostre quais produtos tem o frete grátis",
    "bonus": true
  }]
}
